,stock_id,win_rate,total_profit
0,0050,80.0,170000.00000000012
1,0051,33.33333333333333,-10000.000000000156
2,0052,0.0,0.0
3,0053,50.0,20000.000000000033
4,0054,50.0,39999.999999999956
5,0055,100.0,50000.00000000012
6,0056,100.0,100000.00000000015
7,0057,100.0,49999.99999999996
8,0058,33.33333333333333,-10000.000000000044
9,0059,33.33333333333333,-9999.999999999982
10,0060,50.0,40000.00000000006
11,0061,0.0,0.0
12,006201,100.0,50000.0
13,006203,100.0,50000.00000000011
14,006204,0.0,0.0
15,006205,0.0,0.0
16,006206,0.0,0.0
17,006207,0.0,-29999.99999999998
18,006208,100.0,49999.99999999999
19,00625K,0.0,0.0
20,00631L,66.66666666666666,70000.00000000016
21,00632R,0.0,0.0
22,00633L,0.0,0.0
23,00634R,0.0,0.0
24,00635U,0.0,0.0
25,00636,0.0,-30000.000000000047
26,00636K,0.0,0.0
27,00637L,0.0,0.0
28,00638R,0.0,-30000.00000000008
29,00639,0.0,0.0
30,00640L,0.0,-30000.000000000073
31,00641R,0.0,0.0
32,00642U,100.0,50000.000000000095
33,00643,0.0,-30000.000000000113
34,00643K,0.0,0.0
35,00645,0.0,0.0
36,00646,0.0,0.0
37,00647L,0.0,-60000.00000000007
38,00648R,0.0,0.0
39,00649,0.0,0.0
40,00650L,100.0,100000.00000000001
41,00651R,0.0,-60000.00000000006
42,00652,0.0,0.0
43,00653L,0.0,-30000.00000000011
44,00654R,0.0,-30000.000000000124
45,00655L,0.0,0.0
46,00656R,0.0,0.0
47,00657,0.0,0.0
48,00657K,0.0,0.0
49,00658L,0.0,0.0
50,00659R,0.0,0.0
51,00660,0.0,-59999.99999999997
52,00661,0.0,0.0
53,00662,0.0,0.0
54,00663L,0.0,-30000.000000000033
55,00664R,0.0,0.0
56,00665L,0.0,0.0
57,00666R,0.0,-29999.99999999999
58,00667,0.0,0.0
59,00668,0.0,-29999.99999999998
60,00668K,0.0,0.0
61,00669R,0.0,0.0
62,00670L,0.0,-90000.00000000012
63,00671R,0.0,0.0
64,00672L,0.0,
65,00673R,0.0,0.0
66,00674R,0.0,0.0
67,00675L,0.0,-60000.0000000001
68,00676R,0.0,0.0
69,00677U,33.33333333333333,-10000.000000000131
70,00678,0.0,0.0
71,00679B,0.0,0.0
72,00680L,0.0,0.0
73,00681R,0.0,0.0
74,00682U,0.0,0.0
75,00683L,0.0,0.0
76,00684R,0.0,0.0
77,00685L,0.0,-59999.99999999996
78,00686R,0.0,-30000.000000000033
79,00687B,0.0,0.0
80,00688L,0.0,0.0
81,00689R,0.0,0.0
82,00690,0.0,0.0
83,00691R,0.0,0.0
84,00692,0.0,0.0
85,00693U,0.0,0.0
86,00694B,0.0,0.0
87,00695B,0.0,0.0
88,00696B,0.0,0.0
89,00697B,0.0,0.0
90,00698L,0.0,0.0
91,00699R,0.0,0.0
92,00700,0.0,0.0
93,00701,0.0,0.0
94,00702,0.0,-30000.000000000055
95,00703,0.0,-30000.00000000006
96,00704L,0.0,0.0
97,00705R,0.0,0.0
98,00706L,0.0,0.0
99,00707R,0.0,0.0
100,00708L,0.0,0.0
101,00709,0.0,0.0
102,00710B,0.0,0.0
103,00711B,0.0,0.0
104,00712,50.0,20000.000000000076
105,00713,0.0,0.0
106,00714,0.0,0.0
107,00715L,0.0,
108,00716R,0.0,0.0
109,00717,0.0,0.0
110,00718B,0.0,0.0
111,00719B,0.0,0.0
112,00720B,0.0,0.0
113,00721B,0.0,0.0
114,00722B,0.0,0.0
115,00723B,0.0,0.0
116,00724B,0.0,0.0
117,00725B,0.0,0.0
118,00726B,0.0,0.0
119,00727B,0.0,0.0
120,00728,100.0,49999.99999999998
121,00729R,0.0,0.0
122,00730,0.0,0.0
123,00731,0.0,0.0
124,00732,0.0,0.0
125,00733,0.0,0.0
126,00734B,0.0,0.0
127,00735,0.0,0.0
128,00736,0.0,0.0
129,00737,0.0,0.0
130,00738U,0.0,0.0
131,00739,0.0,0.0
132,00740B,0.0,0.0
133,00741B,0.0,0.0
134,00742,0.0,0.0
135,00743,0.0,0.0
136,00744B,0.0,0.0
137,00745B,0.0,0.0
138,00746B,0.0,0.0
139,00747B,0.0,0.0
140,00748B,0.0,0.0
141,00749B,0.0,0.0
142,00750B,0.0,0.0
143,00751B,0.0,0.0
144,00752,0.0,0.0
145,00753L,0.0,0.0
146,00754B,0.0,0.0
147,00755B,0.0,0.0
148,00756B,0.0,0.0
149,00757,0.0,0.0
150,00758B,0.0,0.0
151,00759B,0.0,0.0
152,00760B,0.0,0.0
153,00761B,0.0,0.0
154,00762,0.0,0.0
155,00763U,0.0,0.0
156,00764B,0.0,0.0
157,00765B,0.0,0.0
158,00766L,0.0,0.0
159,00767,0.0,0.0
160,00768B,0.0,-30000.000000000036
161,00770,0.0,0.0
162,00771,0.0,0.0
163,00772B,0.0,0.0
164,00773B,0.0,0.0
165,00774B,0.0,0.0
166,00774C,0.0,0.0
167,00775B,0.0,0.0
168,00776,0.0,0.0
169,00777B,0.0,0.0
170,00778B,0.0,0.0
171,00779B,0.0,0.0
172,00780B,0.0,0.0
173,00781B,0.0,0.0
174,00782B,0.0,0.0
175,00783,0.0,0.0
176,00784B,0.0,0.0
177,00785B,0.0,0.0
178,00786B,0.0,0.0
179,00787B,0.0,0.0
180,00788B,0.0,0.0
181,00789B,0.0,0.0
182,00790B,0.0,0.0
183,00791B,0.0,0.0
184,00792B,0.0,0.0
185,00793B,0.0,0.0
186,00794B,0.0,0.0
187,00795B,0.0,0.0
188,00796B,0.0,0.0
189,00798B,0.0,0.0
190,00799B,0.0,0.0
191,0080,50.0,19999.999999999975
192,0081,0.0,-30000.000000000076
193,008201,50.0,19999.99999999989
194,00830,0.0,0.0
195,00831B,0.0,0.0
196,00832B,0.0,0.0
197,00833B,0.0,0.0
198,00834B,0.0,0.0
199,00835B,0.0,0.0
200,00836B,0.0,0.0
201,00837B,0.0,0.0
202,00838B,0.0,0.0
203,00839B,0.0,0.0
204,00840B,0.0,0.0
205,00841B,0.0,0.0
206,00842B,0.0,0.0
207,00843B,0.0,0.0
208,00844B,0.0,0.0
209,00845B,0.0,0.0
210,00846B,0.0,0.0
211,00847B,0.0,0.0
212,00848B,0.0,0.0
213,00849B,0.0,0.0
214,00850,100.0,50000.000000000065
215,00851,0.0,0.0
216,00852L,0.0,-60000.000000000015
217,00853B,0.0,0.0
218,00854B,0.0,0.0
219,00855B,0.0,0.0
220,00856B,0.0,0.0
221,00857B,0.0,0.0
222,00858,0.0,0.0
223,00859B,0.0,0.0
224,00860B,0.0,0.0
225,00861,0.0,0.0
226,00862B,0.0,0.0
227,00863B,0.0,0.0
228,00864B,0.0,0.0
229,00865B,0.0,0.0
230,00866,0.0,0.0
231,00867B,0.0,0.0
232,00868B,0.0,0.0
233,00869B,0.0,0.0
234,00870B,0.0,0.0
235,00871B,0.0,0.0
236,00872B,0.0,0.0
237,00873B,0.0,0.0
238,00874B,0.0,0.0
239,00875,0.0,0.0
240,00876,0.0,0.0
241,00877,0.0,0.0
242,00878,100.0,50000.000000000044
243,00879B,0.0,0.0
244,00880B,0.0,0.0
245,00881,0.0,0.0
246,00882,0.0,0.0
247,00883B,0.0,0.0
248,00884B,0.0,0.0
249,00885,0.0,0.0
250,00886,0.0,0.0
251,00887,0.0,0.0
252,00888,0.0,0.0
253,00889B,0.0,0.0
254,00890B,0.0,0.0
255,00891,0.0,0.0
256,00892,0.0,0.0
257,00893,0.0,0.0
258,00894,0.0,0.0
259,00895,0.0,0.0
260,00896,0.0,0.0
261,00897,0.0,0.0
262,00898,0.0,0.0
263,00899,0.0,0.0
264,00900,0.0,0.0
265,00901,0.0,0.0
266,00902,0.0,0.0
267,00903,0.0,0.0
268,00904,0.0,0.0
269,00905,0.0,0.0
270,00906,0.0,0.0
271,00907,0.0,0.0
272,00908,0.0,0.0
273,00909,0.0,0.0
274,00910,0.0,-30000.00000000008
275,00911,0.0,0.0
276,00912,0.0,0.0
277,00913,0.0,0.0
278,00915,0.0,0.0
279,00916,0.0,0.0
280,00917,0.0,0.0
281,00918,0.0,0.0
282,00919,0.0,0.0
283,00920,0.0,0.0
284,00921,0.0,0.0
285,00922,0.0,0.0
286,00923,0.0,0.0
287,00924,0.0,0.0
288,00925,0.0,0.0
289,00926,0.0,0.0
290,00927,0.0,0.0
291,00928,0.0,0.0
292,00929,0.0,0.0
293,00930,0.0,0.0
294,00931B,0.0,0.0
295,00932,0.0,0.0
296,00933B,0.0,0.0
297,00934,0.0,0.0
298,00935,0.0,0.0
299,00936,0.0,0.0
300,00937B,0.0,0.0
301,00939,0.0,0.0
302,00941,0.0,0.0
303,01001T,40.0,10000.000000000138
304,01002T,0.0,-90000.00000000009
305,01003T,100.0,50000.00000000013
306,01004T,100.0,100000.0
307,01005T,100.0,50000.00000000012
308,01007T,0.0,0.0
309,01008T,0.0,0.0
310,01009T,0.0,0.0
311,020000,0.0,0.0
312,020001,0.0,0.0
313,020002,0.0,0.0
314,020003,0.0,0.0
315,020004,0.0,0.0
316,020005,0.0,0.0
317,020006,0.0,0.0
318,020007,0.0,0.0
319,020008,0.0,0.0
320,020009,0.0,0.0
321,020010,0.0,-29999.99999999998
322,020011,0.0,0.0
323,020012,0.0,0.0
324,020013,0.0,0.0
325,020014,0.0,0.0
326,020015,0.0,0.0
327,020016,0.0,0.0
328,020017,0.0,0.0
329,020018,0.0,0.0
330,020019,0.0,0.0
331,02001B,0.0,0.0
332,02001L,50.0,20000.000000000004
333,02001R,0.0,0.0
334,02001S,0.0,0.0
335,020020,0.0,0.0
336,020021,0.0,0.0
337,020022,0.0,0.0
338,020023,0.0,0.0
339,020024,0.0,0.0
340,020025,0.0,0.0
341,020026,0.0,0.0
342,020027,0.0,0.0
343,020028,0.0,0.0
344,020029,0.0,0.0
345,02002L,100.0,50000.00000000012
346,020030,0.0,0.0
347,020031,0.0,0.0
348,020032,0.0,0.0
349,020033,0.0,0.0
350,020034,0.0,0.0
351,020035,0.0,0.0
352,020036,0.0,0.0
353,020037,0.0,0.0
354,020038,0.0,0.0
355,020039,0.0,0.0
356,02003L,0.0,0.0
357,020040,0.0,0.0
358,020041,0.0,0.0
359,1101,66.66666666666666,70000.00000000015
360,1101B,0.0,0.0
361,1102,25.0,-40000.000000000044
362,1103,50.0,19999.999999999938
363,1104,50.0,100000.00000000013
364,1107,62.5,160000.0000000001
365,1108,16.666666666666664,-300000.00000000023
366,1109,72.72727272727273,
367,1110,16.666666666666664,-300000.0000000002
368,1201,28.57142857142857,-100000.00000000006
369,1203,28.57142857142857,-100000.00000000003
370,1210,100.0,100000.00000000006
371,1213,38.46153846153847,
372,1215,38.46153846153847,10000.000000000018
373,1216,0.0,-30000.000000000073
374,1217,50.0,
375,1218,30.0,-59999.99999999995
376,1219,33.33333333333333,-39999.99999999989
377,1220,25.0,-160000.0000000001
378,1225,41.66666666666667,
379,1227,33.33333333333333,-19999.9999999999
380,1229,50.0,60000.00000000005
381,1231,66.66666666666666,
382,1232,22.22222222222222,-110000.00000000022
383,1233,37.5,1.3096723705530167e-10
384,1234,71.42857142857143,190000.0000000003
385,1235,33.33333333333333,
386,1236,12.5,
387,1240,50.0,40000.000000000044
388,1256,33.33333333333333,-30000.0
389,1258,16.666666666666664,
390,1259,33.33333333333333,-9999.99999999992
391,1259,33.33333333333333,-9999.99999999992
392,1262,33.33333333333333,-20000.000000000055
393,1264,0.0,-29999.999999999975
394,1268,0.0,0.0
395,1268,0.0,0.0
396,1301,0.0,0.0
397,1303,33.33333333333333,-9999.999999999949
398,1304,25.0,-40000.000000000015
399,1305,53.84615384615385,170000.00000000032
400,1307,43.75,80000.00000000001
401,1308,14.285714285714285,
402,1309,41.66666666666667,40000.000000000015
403,1310,28.57142857142857,-49999.99999999988
404,1311,0.0,0.0
405,1312,25.0,
406,1312A,21.428571428571427,-180000.00000000023
407,1313,42.857142857142854,30000.000000000255
408,1314,70.0,260000.00000000035
409,1315,66.66666666666666,140000.00000000023
410,1316,41.37931034482759,
411,1319,50.0,80000.0
412,1321,16.666666666666664,
413,1323,21.052631578947366,
414,1324,47.61904761904761,170000.00000000006
415,1325,30.0,
416,1326,100.0,50000.00000000005
417,1336,11.11111111111111,-190000.0000000002
418,1337,0.0,-30000.000000000036
419,1338,0.0,-30000.000000000113
420,1339,50.0,20000.00000000001
421,1340,0.0,-60000.00000000015
422,1341,0.0,0.0
423,1342,33.33333333333333,-10000.000000000084
424,1402,100.0,100000.00000000003
425,1409,50.0,19999.99999999994
426,1410,34.78260869565217,-50000.0000000001
427,1413,47.22222222222222,
428,1414,25.0,
429,1416,41.66666666666667,39999.99999999988
430,1417,50.0,
431,1418,51.85185185185185,
432,1419,45.0,
433,1423,21.428571428571427,-180000.00000000026
434,1432,27.500000000000004,-320000.0000000004
435,1432,27.500000000000004,-320000.0000000004
436,1434,50.0,20000.00000000003
437,1435,32.432432432432435,
438,1436,41.17647058823529,
439,1437,31.25,
440,1438,35.8974358974359,
441,1439,14.285714285714285,
442,1439,14.285714285714285,
443,1440,60.0,180000.00000000012
444,1441,32.35294117647059,
445,1442,31.25,-79999.99999999975
446,1443,22.727272727272727,
447,1443,22.727272727272727,
448,1444,71.42857142857143,190000.00000000017
449,1445,8.333333333333332,
450,1446,26.666666666666668,-130000.0
451,1447,0.0,-90000.00000000015
452,1449,50.0,
453,1451,50.0,60000.0
454,1452,25.0,
455,1453,20.0,
456,1453,20.0,
457,1454,36.36363636363637,-10000.000000000175
458,1455,42.857142857142854,30000.000000000087
459,1456,31.70731707317073,
460,1456,31.70731707317073,
461,1457,42.857142857142854,60000.00000000008
462,1459,27.27272727272727,
463,1460,22.22222222222222,-109999.99999999996
464,1463,30.434782608695656,-129999.99999999994
465,1464,57.14285714285714,
466,1465,18.181818181818183,
467,1466,44.44444444444444,
468,1467,10.0,
469,1468,13.333333333333334,
470,1469,42.857142857142854,
471,1470,23.52941176470588,
472,1471,36.36363636363637,
473,1471,36.36363636363637,
474,1472,37.142857142857146,
475,1472,37.142857142857146,
476,1473,33.33333333333333,-9999.999999999902
477,1474,44.44444444444444,
478,1475,17.24137931034483,-470000.0000000007
479,1476,0.0,-150000.00000000006
480,1477,66.66666666666666,70000.0
481,1503,50.0,40000.000000000015
482,1504,100.0,50000.00000000005
483,1506,8.0,
484,1507,25.0,-40000.000000000095
485,1512,36.36363636363637,
486,1513,54.54545454545454,150000.00000000032
487,1514,42.857142857142854,29999.999999999953
488,1515,11.76470588235294,
489,1516,36.666666666666664,-19999.999999999964
490,1517,11.11111111111111,-190000.0000000004
491,1519,0.0,-89999.99999999996
492,1520,0.0,0.0
493,1521,33.33333333333333,-29999.9999999999
494,1522,0.0,-90000.00000000015
495,1522A,0.0,0.0
496,1523,66.66666666666666,70000.00000000012
497,1524,38.46153846153847,10000.000000000106
498,1525,30.76923076923077,
499,1526,47.61904761904761,170000.00000000012
500,1527,0.0,-59999.999999999956
501,1528,36.36363636363637,-9999.99999999997
502,1529,40.0,
503,1530,42.857142857142854,29999.999999999996
504,1531,12.5,-160000.00000000003
505,1532,25.0,-40000.00000000005
506,1533,33.33333333333333,-49999.999999999825
507,1535,45.45454545454545,69999.99999999975
508,1536,75.0,240000.00000000026
509,1537,33.33333333333333,-10000.000000000036
510,1538,38.095238095238095,
511,1539,33.33333333333333,-49999.999999999956
512,1540,37.5,-2.1827872842550278e-10
513,1541,42.10526315789473,70000.00000000061
514,1558,66.66666666666666,70000.00000000001
515,1560,50.0,39999.999999999985
516,1565,50.0,59999.9999999999
517,1568,12.5,-160000.00000000015
518,1569,54.54545454545454,
519,1570,34.61538461538461,-60000.000000000044
520,1580,0.0,-120000.00000000009
521,1582,33.33333333333333,-10000.000000000127
522,1582,33.33333333333333,-10000.000000000127
523,1583,33.33333333333333,-9999.99999999993
524,1584,31.25,
525,1586,57.14285714285714,110000.00000000003
526,1587,0.0,-120000.00000000009
527,1589,33.33333333333333,
528,1590,0.0,-30000.000000000007
529,1591,38.095238095238095,
530,1592,28.57142857142857,-50000.00000000008
531,1593,12.5,
532,1593,12.5,
533,1595,50.0,20000.000000000015
534,1597,50.0,20000.00000000011
535,1598,100.0,50000.00000000007
536,1598,100.0,50000.00000000007
537,1598,100.0,50000.00000000007
538,1599,25.0,-39999.99999999975
539,1601,0.0,-149999.99999999988
540,1603,28.000000000000004,
541,1604,0.0,-30000.00000000009
542,1605,50.0,40000.000000000146
543,1606,100.0,50000.00000000006
544,1608,20.0,-70000.00000000016
545,1609,25.0,-39999.99999999982
546,1611,37.5,7.639755494892597e-11
547,1612,25.0,-80000.00000000009
548,1613,46.666666666666664,110000.0000000005
549,1614,20.0,
550,1615,43.75,
551,1616,31.25,
552,1617,25.0,-160000.00000000017
553,1618,15.384615384615385,
554,1626,37.5,1.9281287677586079e-10
555,1701,27.27272727272727,-90000.00000000016
556,1701,27.27272727272727,-90000.00000000016
557,1702,33.33333333333333,
558,1704,50.0,39999.99999999992
559,1704,50.0,39999.99999999992
560,1707,23.076923076923077,-150000.00000000038
561,1707,23.076923076923077,-150000.00000000038
562,1708,45.45454545454545,70000.00000000026
563,1708,45.45454545454545,70000.00000000026
564,1709,50.0,100000.00000000025
565,1709,50.0,100000.00000000025
566,1710,50.0,40000.00000000009
567,1710,50.0,40000.00000000009
568,1711,80.0,340000.0000000003
569,1711,80.0,340000.0000000003
570,1712,50.0,60000.00000000007
571,1712,50.0,60000.00000000007
572,1713,41.66666666666667,40000.00000000009
573,1713,41.66666666666667,40000.00000000009
574,1714,50.0,80000.00000000007
575,1714,50.0,80000.00000000007
576,1715,45.45454545454545,70000.00000000009
577,1716,100.0,50000.000000000015
578,1716,100.0,50000.000000000015
579,1717,33.33333333333333,-9999.999999999978
580,1717,33.33333333333333,-9999.999999999978
581,1718,10.0,-220000.00000000026
582,1718,10.0,-220000.00000000026
583,1720,50.0,80000.00000000017
584,1720,50.0,80000.00000000017
585,1721,56.25,
586,1721,56.25,
587,1722,60.0,90000.00000000023
588,1722,60.0,90000.00000000023
589,1723,50.0,20000.000000000033
590,1723,50.0,20000.000000000033
591,1724,25.0,-40000.00000000016
592,1724,25.0,-40000.00000000016
593,1725,25.0,
594,1725,25.0,
595,1726,100.0,49999.999999999985
596,1726,100.0,49999.999999999985
597,1727,57.14285714285714,
598,1727,57.14285714285714,
599,1729,28.57142857142857,-49999.99999999997
600,1729,28.57142857142857,-49999.99999999997
601,1730,50.0,100000.0
602,1730,50.0,100000.0
603,1731,20.0,-70000.00000000016
604,1731,20.0,-70000.00000000016
605,1732,25.0,
606,1732,25.0,
607,1733,33.33333333333333,-9999.999999999913
608,1733,33.33333333333333,-9999.999999999913
609,1734,66.66666666666666,140000.00000000006
610,1734,66.66666666666666,140000.00000000006
611,1735,10.0,-220000.00000000032
612,1735,10.0,-220000.00000000032
613,1736,0.0,-90000.00000000006
614,1736,0.0,-90000.00000000006
615,1736,0.0,-90000.00000000006
616,1737,66.66666666666666,70000.00000000015
617,1742,0.0,-150000.00000000023
618,1752,60.0,90000.00000000007
619,1752,60.0,90000.00000000007
620,1760,57.14285714285714,
621,1760,57.14285714285714,
622,1762,16.666666666666664,-100000.00000000007
623,1762,16.666666666666664,-100000.00000000007
624,1773,33.33333333333333,-10000.000000000087
625,1773,33.33333333333333,-10000.000000000087
626,1776,75.0,120000.00000000013
627,1776,75.0,120000.00000000013
628,1777,28.57142857142857,-49999.99999999984
629,1781,44.827586206896555,
630,1783,40.0,10000.000000000015
631,1783,40.0,10000.000000000015
632,1784,50.0,60000.00000000009
633,1785,40.0,9999.99999999985
634,1786,75.0,120000.00000000026
635,1786,75.0,120000.00000000026
636,1788,100.0,100000.00000000004
637,1789,33.33333333333333,-9999.999999999978
638,1789,33.33333333333333,-9999.999999999978
639,1795,58.333333333333336,
640,1795,58.333333333333336,
641,1796,50.0,20000.000000000087
642,1799,20.0,
643,1802,80.0,170000.00000000012
644,1805,37.03703703703704,
645,1806,45.45454545454545,70000.0000000003
646,1808,50.0,220000.00000000064
647,1809,38.46153846153847,10000.000000000007
648,1810,16.666666666666664,
649,1813,60.0,90000.00000000023
650,1815,25.0,-40000.00000000018
651,1817,0.0,-60000.00000000005
652,1902,35.714285714285715,-19999.999999999993
653,1903,43.75,
654,1904,0.0,-60000.00000000006
655,1905,20.0,-69999.99999999984
656,1906,23.076923076923077,
657,1907,30.0,-60000.00000000004
658,1909,16.666666666666664,-100000.00000000015
659,2002,0.0,-30000.000000000076
660,2002A,25.0,-39999.999999999905
661,2006,60.0,90000.00000000006
662,2007,25.925925925925924,
663,2008,27.586206896551722,
664,2009,42.857142857142854,60000.00000000003
665,2010,40.0,20000.000000000076
666,2012,33.33333333333333,-30000.000000000182
667,2013,50.0,
668,2014,41.66666666666667,40000.00000000024
669,2015,33.33333333333333,
670,2017,40.0,
671,2020,40.0,
672,2022,36.84210526315789,
673,2023,0.0,
674,2024,59.09090909090909,380000.00000000035
675,2025,38.46153846153847,
676,2027,37.5,3.637978807091713e-11
677,2028,43.47826086956522,109999.99999999999
678,2029,33.33333333333333,-20000.00000000005
679,2030,43.75,80000.00000000022
680,2031,50.0,40000.000000000146
681,2032,36.36363636363637,
682,2033,48.275862068965516,250000.0
683,2034,45.45454545454545,70000.00000000009
684,2035,45.45454545454545,69999.99999999983
685,2038,36.36363636363637,-9999.99999999992
686,2049,0.0,0.0
687,2059,50.0,19999.99999999986
688,2059,50.0,19999.99999999986
689,2061,14.285714285714285,
690,2062,0.0,-90000.0000000002
691,2062,0.0,-90000.0000000002
692,2063,50.0,100000.00000000012
693,2064,16.666666666666664,-100000.00000000023
694,2065,33.33333333333333,-9999.999999999898
695,2066,0.0,-89999.99999999991
696,2067,33.33333333333333,
697,2069,50.0,20000.00000000009
698,2070,40.0,10000.00000000019
699,2073,0.0,0.0
700,2101,43.75,79999.99999999983
701,2102,23.076923076923077,-150000.0000000002
702,2103,30.0,-60000.000000000226
703,2104,66.66666666666666,70000.00000000016
704,2105,50.0,20000.00000000002
705,2106,50.0,59999.99999999997
706,2107,50.0,40000.00000000012
707,2108,16.666666666666664,-100000.00000000017
708,2109,41.66666666666667,39999.999999999796
709,2114,100.0,50000.00000000009
710,2115,0.0,-90000.00000000007
711,2201,33.33333333333333,-9999.999999999964
712,2204,33.33333333333333,-10000.000000000022
713,2206,13.333333333333334,-290000.0000000003
714,2207,33.33333333333333,-10000.000000000036
715,2208,33.33333333333333,
716,2211,0.0,0.0
717,2221,37.5,5.093170329928398e-11
718,2227,28.57142857142857,-50000.00000000009
719,2228,0.0,-30000.000000000102
720,2230,38.46153846153847,
721,2231,0.0,-210000.00000000035
722,2233,25.0,-39999.99999999991
723,2235,0.0,-210000.0000000002
724,2236,50.0,100000.0
725,2239,0.0,-90000.00000000012
726,2241,50.0,20000.00000000007
727,2241,50.0,20000.00000000007
728,2243,35.714285714285715,-20000.0
729,2247,0.0,0.0
730,2250,33.33333333333333,-10000.000000000015
731,2254,0.0,0.0
732,2258,0.0,0.0
733,2301,0.0,-90000.00000000001
734,2301,0.0,-90000.00000000001
735,2302,26.08695652173913,
736,2302,26.08695652173913,
737,2303,100.0,49999.99999999998
738,2303,100.0,49999.99999999998
739,2305,44.0,
740,2305,44.0,
741,2308,100.0,50000.00000000007
742,2308,100.0,50000.00000000007
743,2311,0.0,0.0
744,2311,0.0,0.0
745,2312,50.0,20000.000000000004
746,2312,50.0,20000.000000000004
747,2313,40.0,10000.000000000095
748,2313,40.0,10000.000000000095
749,2314,55.55555555555556,129999.99999999977
750,2314,55.55555555555556,129999.99999999977
751,2315,0.0,-30000.000000000084
752,2315,0.0,-30000.000000000084
753,2316,12.5,-160000.00000000026
754,2316,12.5,-160000.00000000026
755,2317,50.0,20000.000000000025
756,2317,50.0,20000.000000000025
757,2321,44.44444444444444,100000.00000000003
758,2321,44.44444444444444,100000.00000000003
759,2323,75.0,240000.00000000012
760,2323,75.0,240000.00000000012
761,2324,100.0,49999.99999999996
762,2324,100.0,49999.99999999996
763,2325,0.0,0.0
764,2325,0.0,0.0
765,2327,50.0,60000.00000000016
766,2327,50.0,60000.00000000016
767,2328,30.0,-60000.00000000007
768,2328,30.0,-60000.00000000007
769,2329,55.55555555555556,260000.00000000026
770,2329,55.55555555555556,260000.00000000026
771,2330,100.0,49999.99999999994
772,2330,100.0,49999.99999999994
773,2331,33.33333333333333,-39999.99999999984
774,2331,33.33333333333333,-39999.99999999984
775,2332,60.0,90000.00000000017
776,2332,60.0,90000.00000000017
777,2336,50.0,20000.0
778,2336,50.0,20000.0
779,2337,57.14285714285714,110000.00000000023
780,2337,57.14285714285714,110000.00000000023
781,2338,55.55555555555556,130000.00000000038
782,2338,55.55555555555556,130000.00000000038
783,2340,35.714285714285715,-19999.999999999753
784,2340,35.714285714285715,-19999.999999999753
785,2340,35.714285714285715,-19999.999999999753
786,2341,20.0,-69999.99999999985
787,2341,20.0,-69999.99999999985
788,2342,25.0,
789,2342,25.0,
790,2344,33.33333333333333,-9999.999999999978
791,2344,33.33333333333333,-9999.999999999978
792,2345,71.42857142857143,190000.00000000038
793,2345,71.42857142857143,190000.00000000038
794,2347,33.33333333333333,-10000.000000000146
795,2347,33.33333333333333,-10000.000000000146
796,2348,45.83333333333333,
797,2348A,0.0,0.0
798,2349,33.33333333333333,-30000.00000000007
799,2349,33.33333333333333,-30000.00000000007
800,2350,0.0,-60000.00000000014
801,2350,0.0,-60000.00000000014
802,2351,36.36363636363637,-10000.000000000156
803,2351,36.36363636363637,-10000.000000000156
804,2352,0.0,-59999.999999999985
805,2352,0.0,-59999.999999999985
806,2353,25.0,-40000.00000000009
807,2353,25.0,-40000.00000000009
808,2354,60.0,90000.00000000009
809,2354,60.0,90000.00000000009
810,2355,75.0,120000.0
811,2355,75.0,120000.0
812,2356,50.0,40000.0
813,2356,50.0,40000.0
814,2357,0.0,-60000.00000000009
815,2357,0.0,-60000.00000000009
816,2358,39.02439024390244,
817,2359,50.0,80000.00000000012
818,2359,50.0,80000.00000000012
819,2360,40.0,20000.00000000013
820,2360,40.0,20000.00000000013
821,2361,31.25,
822,2361,31.25,
823,2362,16.666666666666664,
824,2362,16.666666666666664,
825,2363,83.33333333333334,220000.00000000032
826,2363,83.33333333333334,220000.00000000032
827,2364,53.125,
828,2364,53.125,
829,2365,45.45454545454545,70000.00000000003
830,2365,45.45454545454545,70000.00000000003
831,2367,40.0,10000.000000000095
832,2367,40.0,10000.000000000095
833,2368,60.0,180000.00000000044
834,2368,60.0,180000.00000000044
835,2369,28.57142857142857,-50000.00000000003
836,2369,28.57142857142857,-50000.00000000003
837,2371,25.0,
838,2373,26.666666666666668,-130000.0000000003
839,2373,26.666666666666668,-130000.0000000003
840,2374,40.0,9999.999999999793
841,2374,40.0,9999.999999999793
842,2375,33.33333333333333,-60000.00000000028
843,2375,33.33333333333333,-60000.00000000028
844,2376,0.0,0.0
845,2376,0.0,0.0
846,2377,0.0,-60000.00000000006
847,2377,0.0,-60000.00000000006
848,2379,60.0,90000.00000000033
849,2379,60.0,90000.00000000033
850,2380,34.78260869565217,
851,2380,34.78260869565217,
852,2381,33.33333333333333,
853,2381,33.33333333333333,
854,2382,100.0,50000.00000000009
855,2382,100.0,50000.00000000009
856,2383,55.55555555555556,
857,2383,55.55555555555556,
858,2384,100.0,50000.00000000003
859,2384,100.0,50000.00000000003
860,2385,25.0,-40000.000000000124
861,2385,25.0,-40000.000000000124
862,2387,36.36363636363637,-9999.999999999898
863,2387,36.36363636363637,-9999.999999999898
864,2388,38.095238095238095,10000.000000000015
865,2388,38.095238095238095,10000.000000000015
866,2390,42.10526315789473,
867,2390,42.10526315789473,
868,2391,0.0,0.0
869,2391,0.0,0.0
870,2392,25.0,-39999.99999999996
871,2392,25.0,-39999.99999999996
872,2393,33.33333333333333,-9999.999999999993
873,2393,33.33333333333333,-9999.999999999993
874,2395,50.0,20000.00000000003
875,2395,50.0,20000.00000000003
876,2396,100.0,50000.000000000095
877,2396,100.0,50000.000000000095
878,2397,42.857142857142854,29999.99999999996
879,2397,42.857142857142854,29999.99999999996
880,2399,53.333333333333336,190000.00000000026
881,2399,53.333333333333336,190000.00000000026
882,2401,50.0,79999.99999999984
883,2401,50.0,79999.99999999984
884,2402,66.66666666666666,210000.0000000004
885,2402,66.66666666666666,210000.0000000004
886,2403,0.0,0.0
887,2403,0.0,0.0
888,2404,33.33333333333333,-20000.00000000018
889,2404,33.33333333333333,-20000.00000000018
890,2405,37.5,
891,2405,37.5,
892,2406,33.33333333333333,
893,2406,33.33333333333333,
894,2408,57.14285714285714,110000.00000000016
895,2408,57.14285714285714,110000.00000000016
896,2409,0.0,
897,2409,0.0,
898,2411,50.0,19999.99999999996
899,2411,50.0,19999.99999999996
900,2412,0.0,0.0
901,2412,0.0,0.0
902,2413,38.88888888888889,
903,2413,38.88888888888889,
904,2414,25.0,-80000.00000000009
905,2414,25.0,-80000.00000000009
906,2415,27.77777777777778,
907,2415,27.77777777777778,
908,2417,52.94117647058824,
909,2417,52.94117647058824,
910,2418,0.0,0.0
911,2419,27.27272727272727,-90000.0000000002
912,2419,27.27272727272727,-90000.0000000002
913,2420,50.0,40000.000000000175
914,2420,50.0,40000.000000000175
915,2421,66.66666666666666,140000.00000000026
916,2421,66.66666666666666,140000.00000000026
917,2423,33.33333333333333,
918,2423,33.33333333333333,
919,2424,60.0,450000.0000000003
920,2424,60.0,450000.0000000003
921,2424,60.0,450000.0000000003
922,2425,14.285714285714285,
923,2425,14.285714285714285,
924,2426,30.0,-60000.00000000019
925,2426,30.0,-60000.00000000019
926,2427,43.75,80000.00000000026
927,2427,43.75,80000.00000000026
928,2428,50.0,60000.00000000017
929,2428,50.0,60000.00000000017
930,2429,28.125,
931,2429,28.125,
932,2429,28.125,
933,2430,29.411764705882355,-110000.00000000009
934,2430,29.411764705882355,-110000.00000000009
935,2431,20.0,
936,2431,20.0,
937,2432,100.0,100000.0000000001
938,2432,100.0,100000.0000000001
939,2432,100.0,100000.0000000001
940,2433,14.285714285714285,-260000.0000000004
941,2433,14.285714285714285,-260000.0000000004
942,2434,34.78260869565217,
943,2434,34.78260869565217,
944,2436,33.33333333333333,-20000.000000000036
945,2436,33.33333333333333,-20000.000000000036
946,2437,100.0,50000.00000000008
947,2437,100.0,50000.00000000008
948,2438,23.076923076923077,
949,2438,23.076923076923077,
950,2439,0.0,-30000.000000000065
951,2439,0.0,-30000.000000000065
952,2440,47.82608695652174,
953,2440,47.82608695652174,
954,2441,0.0,-59999.99999999998
955,2441,0.0,-59999.99999999998
956,2442,17.647058823529413,-270000.0000000001
957,2442,17.647058823529413,-270000.0000000001
958,2442,17.647058823529413,-270000.0000000001
959,2443,50.0,
960,2444,50.0,
961,2444,50.0,
962,2446,33.33333333333333,-10000.000000000138
963,2446,33.33333333333333,-10000.000000000138
964,2447,33.33333333333333,-10000.000000000065
965,2447,33.33333333333333,-10000.000000000065
966,2448,40.0,9999.999999999985
967,2448,40.0,9999.999999999985
968,2449,75.0,120000.00000000012
969,2449,75.0,120000.00000000012
970,2450,40.0,
971,2450,40.0,
972,2451,0.0,-60000.00000000013
973,2451,0.0,-60000.00000000013
974,2452,0.0,0.0
975,2452,0.0,0.0
976,2453,31.25,-79999.99999999991
977,2453,31.25,-79999.99999999991
978,2454,50.0,20000.000000000022
979,2454,50.0,20000.000000000022
980,2455,33.33333333333333,-30000.000000000124
981,2455,33.33333333333333,-30000.000000000124
982,2456,33.33333333333333,-9999.999999999876
983,2456,33.33333333333333,-9999.999999999876
984,2457,50.0,39999.999999999985
985,2457,50.0,39999.999999999985
986,2458,66.66666666666666,70000.0000000001
987,2458,66.66666666666666,70000.0000000001
988,2459,66.66666666666666,70000.00000000015
989,2459,66.66666666666666,70000.00000000015
990,2459,66.66666666666666,70000.00000000015
991,2460,50.0,79999.99999999997
992,2460,50.0,79999.99999999997
993,2461,50.0,40000.00000000009
994,2461,50.0,40000.00000000009
995,2462,37.5,1.7462298274040222e-10
996,2462,37.5,1.7462298274040222e-10
997,2463,33.33333333333333,-10000.000000000062
998,2463,33.33333333333333,-10000.000000000062
999,2464,33.33333333333333,-9999.999999999985
1000,2464,33.33333333333333,-9999.999999999985
1001,2465,39.130434782608695,
1002,2465,39.130434782608695,
1003,2466,57.14285714285714,110000.00000000017
1004,2466,57.14285714285714,110000.00000000017
1005,2467,57.14285714285714,110000.0
1006,2467,57.14285714285714,110000.0
1007,2468,38.88888888888889,
1008,2468,38.88888888888889,
1009,2469,100.0,49999.99999999999
1010,2469,100.0,49999.99999999999
1011,2471,50.0,59999.999999999956
1012,2471,50.0,59999.999999999956
1013,2472,50.0,120000.0000000001
1014,2472,50.0,120000.0000000001
1015,2473,0.0,-60000.00000000015
1016,2473,0.0,-60000.00000000015
1017,2474,25.0,-39999.99999999982
1018,2474,25.0,-39999.99999999982
1019,2475,30.0,
1020,2475,30.0,
1021,2476,71.42857142857143,190000.0000000003
1022,2476,71.42857142857143,190000.0000000003
1023,2477,63.63636363636363,230000.00000000015
1024,2477,63.63636363636363,230000.00000000015
1025,2478,44.44444444444444,50000.00000000015
1026,2478,44.44444444444444,50000.00000000015
1027,2479,0.0,-60000.00000000016
1028,2480,100.0,100000.00000000017
1029,2480,100.0,100000.00000000017
1030,2481,33.33333333333333,-19999.99999999989
1031,2481,33.33333333333333,-19999.99999999989
1032,2482,33.33333333333333,-69999.9999999998
1033,2482,33.33333333333333,-69999.9999999998
1034,2483,10.0,-220000.00000000017
1035,2483,10.0,-220000.00000000017
1036,2484,60.0,89999.9999999998
1037,2484,60.0,89999.9999999998
1038,2485,0.0,-60000.00000000004
1039,2485,0.0,-60000.00000000004
1040,2486,35.714285714285715,
1041,2486,35.714285714285715,
1042,2488,25.0,-40000.0000000001
1043,2488,25.0,-40000.0000000001
1044,2489,20.0,-70000.00000000012
1045,2489,20.0,-70000.00000000012
1046,2491,42.857142857142854,
1047,2491,42.857142857142854,
1048,2492,37.5,
1049,2492,37.5,
1050,2493,0.0,-90000.00000000012
1051,2493,0.0,-90000.00000000012
1052,2494,14.285714285714285,
1053,2494,14.285714285714285,
1054,2495,22.22222222222222,
1055,2495,22.22222222222222,
1056,2495,22.22222222222222,
1057,2496,36.36363636363637,
1058,2497,35.714285714285715,
1059,2498,50.0,
1060,2498,50.0,
1061,2499,0.0,
1062,2499,0.0,
1063,2501,50.0,20000.000000000022
1064,2504,20.0,-70000.00000000003
1065,2505,61.904761904761905,410000.0000000003
1066,2506,39.130434782608695,30000.00000000005
1067,2509,36.36363636363637,
1068,2511,37.5,-1.8189894035458565e-10
1069,2514,40.0,40000.00000000025
1070,2515,25.0,-80000.00000000019
1071,2516,27.27272727272727,
1072,2520,30.0,-60000.00000000013
1073,2524,33.33333333333333,
1074,2526,0.0,0.0
1075,2527,40.74074074074074,
1076,2528,32.25806451612903,-130000.00000000009
1077,2530,52.94117647058824,210000.0000000004
1078,2534,27.27272727272727,-90000.00000000003
1079,2535,37.5,
1080,2536,33.33333333333333,-50000.00000000049
1081,2537,34.61538461538461,
1082,2538,26.31578947368421,-169999.99999999997
1083,2539,38.46153846153847,9999.999999999956
1084,2540,33.33333333333333,
1085,2542,37.5,5.820766091346741e-11
1086,2543,20.0,
1087,2545,87.5,320000.00000000023
1088,2546,35.714285714285715,
1089,2547,33.33333333333333,-29999.99999999979
1090,2548,22.22222222222222,
1091,2596,57.14285714285714,110000.00000000003
1092,2597,20.0,-70000.0000000001
1093,2601,35.714285714285715,
1094,2603,66.66666666666666,139999.99999999988
1095,2605,37.5,
1096,2606,50.0,80000.0000000002
1097,2607,27.27272727272727,
1098,2608,42.857142857142854,
1099,2609,37.5,-2.1827872842550278e-11
1100,2610,57.14285714285714,110000.00000000006
1101,2611,35.294117647058826,-29999.999999999935
1102,2612,29.411764705882355,
1103,2613,30.76923076923077,
1104,2614,56.25,240000.00000000003
1105,2614,56.25,240000.00000000003
1106,2615,14.285714285714285,-130000.00000000035
1107,2616,30.76923076923077,-70000.00000000001
1108,2617,30.0,-59999.99999999976
1109,2618,0.0,-59999.999999999956
1110,2630,20.0,
1111,2633,0.0,0.0
1112,2634,0.0,0.0
1113,2636,75.0,119999.99999999991
1114,2637,66.66666666666666,70000.0000000002
1115,2640,50.0,20000.000000000116
1116,2640,50.0,20000.000000000116
1117,2641,66.66666666666666,140000.00000000006
1118,2642,33.33333333333333,
1119,2643,50.0,40000.00000000017
1120,2645,0.0,0.0
1121,2701,63.63636363636363,230000.00000000015
1122,2701,63.63636363636363,230000.00000000015
1123,2702,46.15384615384615,
1124,2702,46.15384615384615,
1125,2704,10.0,-220000.0000000004
1126,2704,10.0,-220000.0000000004
1127,2705,11.11111111111111,-190000.00000000012
1128,2705,11.11111111111111,-190000.00000000012
1129,2706,28.57142857142857,-100000.00000000029
1130,2706,28.57142857142857,-100000.00000000029
1131,2707,20.0,-140000.00000000017
1132,2707,20.0,-140000.00000000017
1133,2712,16.666666666666664,-100000.00000000025
1134,2712,16.666666666666664,-100000.00000000025
1135,2718,30.0,
1136,2718,30.0,
1137,2718,30.0,
1138,2719,38.88888888888889,
1139,2719,38.88888888888889,
1140,2722,33.33333333333333,
1141,2722,33.33333333333333,
1142,2723,33.33333333333333,-9999.999999999978
1143,2723,33.33333333333333,-9999.999999999978
1144,2724,22.22222222222222,-109999.99999999993
1145,2724,22.22222222222222,-109999.99999999993
1146,2726,25.0,-80000.00000000038
1147,2726,25.0,-80000.00000000038
1148,2727,50.0,40000.000000000015
1149,2727,50.0,40000.000000000015
1150,2729,33.33333333333333,-9999.999999999887
1151,2729,33.33333333333333,-9999.999999999887
1152,2731,0.0,-30000.000000000033
1153,2731,0.0,-30000.000000000033
1154,2732,40.0,9999.999999999894
1155,2732,40.0,9999.999999999894
1156,2734,27.77777777777778,
1157,2734,27.77777777777778,
1158,2736,28.57142857142857,
1159,2736,28.57142857142857,
1160,2739,30.0,-60000.000000000306
1161,2739,30.0,-60000.000000000306
1162,2740,45.45454545454545,70000.00000000015
1163,2740,45.45454545454545,70000.00000000015
1164,2743,40.0,
1165,2743,40.0,
1166,2745,35.714285714285715,
1167,2745,35.714285714285715,
1168,2748,16.666666666666664,-100000.00000000009
1169,2748,16.666666666666664,-100000.00000000009
1170,2752,33.33333333333333,
1171,2752,33.33333333333333,
1172,2753,50.0,20000.00000000003
1173,2753,50.0,20000.00000000003
1174,2754,100.0,50000.00000000007
1175,2754,100.0,50000.00000000007
1176,2755,100.0,149999.99999999997
1177,2755,100.0,149999.99999999997
1178,2756,100.0,50000.000000000015
1179,2756,100.0,50000.000000000015
1180,2762,0.0,0.0
1181,2801,25.0,
1182,2807,0.0,0.0
1183,2809,16.666666666666664,-100000.00000000019
1184,2812,50.0,20000.00000000013
1185,2816,30.0,
1186,2820,0.0,-90000.00000000001
1187,2823,44.44444444444444,
1188,2827,0.0,-29999.99999999996
1189,2831,0.0,-30000.000000000047
1190,2832,16.666666666666664,-100000.00000000004
1191,2833,0.0,0.0
1192,2833A,0.0,0.0
1193,2834,33.33333333333333,-9999.999999999964
1194,2836,80.0,170000.0000000003
1195,2836A,0.0,0.0
1196,2837,25.0,-80000.00000000009
1197,2838,31.25,-80000.00000000001
1198,2838A,0.0,0.0
1199,2841,22.22222222222222,-109999.99999999983
1200,2845,16.666666666666664,-100000.0000000002
1201,2847,25.0,-40000.000000000065
1202,2849,45.45454545454545,70000.00000000026
1203,2850,0.0,-29999.99999999999
1204,2851,16.666666666666664,-100000.00000000006
1205,2852,16.666666666666664,
1206,2854,0.0,0.0
1207,2855,66.66666666666666,69999.99999999994
1208,2856,0.0,-30000.000000000015
1209,2867,0.0,0.0
1210,2880,50.0,20000.00000000006
1211,2881,0.0,-89999.99999999991
1212,2881A,0.0,0.0
1213,2881B,0.0,0.0
1214,2881C,0.0,0.0
1215,2882,100.0,50000.000000000015
1216,2882A,0.0,0.0
1217,2882B,0.0,0.0
1218,2883,0.0,0.0
1219,2883A,0.0,-30000.00000000001
1220,2883B,0.0,0.0
1221,2884,100.0,50000.00000000007
1222,2885,50.0,19999.99999999998
1223,2886,0.0,-59999.99999999997
1224,2887,0.0,-60000.00000000006
1225,2887C,100.0,50000.00000000008
1226,2887E,0.0,0.0
1227,2887F,0.0,0.0
1228,2887Z1,0.0,0.0
1229,2888,100.0,150000.0000000003
1230,2888A,0.0,0.0
1231,2888B,0.0,0.0
1232,2889,100.0,50000.0
1233,2890,0.0,-29999.999999999927
1234,2891,0.0,-90000.00000000019
1235,2891A,0.0,0.0
1236,2891B,0.0,0.0
1237,2891C,0.0,0.0
1238,2892,100.0,50000.00000000013
1239,2897,0.0,0.0
1240,2897A,0.0,0.0
1241,2901,41.17647058823529,50000.000000000204
1242,2903,0.0,-29999.999999999993
1243,2904,40.909090909090914,60000.00000000022
1244,2905,50.0,100000.00000000029
1245,2906,33.33333333333333,-30000.000000000047
1246,2908,80.0,170000.00000000006
1247,2910,54.166666666666664,
1248,2911,25.0,
1249,2912,33.33333333333333,-9999.999999999942
1250,2913,23.076923076923077,-150000.0000000001
1251,2915,66.66666666666666,70000.00000000006
1252,2916,50.0,79999.99999999997
1253,2916,50.0,79999.99999999997
1254,2923,63.63636363636363,230000.00000000012
1255,2924,33.33333333333333,-19999.999999999738
1256,2924,33.33333333333333,-19999.999999999738
1257,2926,50.0,19999.99999999996
1258,2928,66.66666666666666,69999.99999999991
1259,2929,16.666666666666664,
1260,2936,88.88888888888889,370000.00000000035
1261,2937,66.66666666666666,70000.00000000012
1262,2937,66.66666666666666,70000.00000000012
1263,2939,18.181818181818183,-170000.00000000032
1264,2941,0.0,0.0
1265,2945,0.0,0.0
1266,2947,0.0,0.0
1267,2947,0.0,0.0
1268,2948,0.0,0.0
1269,2949,0.0,0.0
1270,3002,43.75,79999.99999999974
1271,3002,43.75,79999.99999999974
1272,3003,0.0,-120000.00000000017
1273,3003,0.0,-120000.00000000017
1274,3004,33.33333333333333,
1275,3005,50.0,40000.00000000004
1276,3005,50.0,40000.00000000004
1277,3006,0.0,
1278,3006,0.0,
1279,3007,0.0,0.0
1280,3008,50.0,20000.0
1281,3008,50.0,20000.0
1282,3009,100.0,50000.00000000004
1283,3009,100.0,50000.00000000004
1284,3010,50.0,19999.999999999938
1285,3010,50.0,19999.999999999938
1286,3011,14.285714285714285,
1287,3011,14.285714285714285,
1288,3013,16.666666666666664,-100000.00000000023
1289,3013,16.666666666666664,-100000.00000000023
1290,3014,0.0,-119999.99999999997
1291,3014,0.0,-119999.99999999997
1292,3015,0.0,-30000.000000000055
1293,3015,0.0,-30000.000000000055
1294,3016,38.46153846153847,10000.000000000164
1295,3016,38.46153846153847,10000.000000000164
1296,3017,33.33333333333333,-9999.999999999978
1297,3017,33.33333333333333,-9999.999999999978
1298,3018,15.384615384615385,
1299,3018,15.384615384615385,
1300,3019,20.0,-70000.0000000001
1301,3019,20.0,-70000.0000000001
1302,3020,100.0,150000.00000000015
1303,3020,100.0,150000.00000000015
1304,3021,39.130434782608695,30000.00000000008
1305,3021,39.130434782608695,30000.00000000008
1306,3022,25.0,-40000.00000000007
1307,3022,25.0,-40000.00000000007
1308,3023,100.0,49999.99999999999
1309,3023,100.0,49999.99999999999
1310,3024,57.14285714285714,
1311,3024,57.14285714285714,
1312,3025,40.0,
1313,3025,40.0,
1314,3026,0.0,-29999.999999999975
1315,3026,0.0,-29999.999999999975
1316,3027,36.36363636363637,-9999.999999999818
1317,3027,36.36363636363637,-9999.999999999818
1318,3028,50.0,20000.00000000002
1319,3028,50.0,20000.00000000002
1320,3029,33.33333333333333,-19999.99999999989
1321,3029,33.33333333333333,-19999.99999999989
1322,3030,66.66666666666666,70000.00000000019
1323,3030,66.66666666666666,70000.00000000019
1324,3031,40.0,9999.999999999975
1325,3031,40.0,9999.999999999975
1326,3032,25.0,-80000.0000000002
1327,3032,25.0,-80000.0000000002
1328,3033,100.0,50000.000000000015
1329,3033,100.0,50000.000000000015
1330,3034,0.0,0.0
1331,3034,0.0,0.0
1332,3035,0.0,0.0
1333,3035,0.0,0.0
1334,3036,42.857142857142854,30000.000000000036
1335,3036,42.857142857142854,30000.000000000036
1336,3036A,0.0,0.0
1337,3036A,0.0,0.0
1338,3037,40.0,10000.000000000131
1339,3037,40.0,10000.000000000131
1340,3038,57.14285714285714,110000.0000000002
1341,3038,57.14285714285714,110000.0000000002
1342,3040,53.84615384615385,170000.0000000003
1343,3041,42.857142857142854,
1344,3041,42.857142857142854,
1345,3042,100.0,100000.00000000019
1346,3042,100.0,100000.00000000019
1347,3043,43.75,80000.00000000017
1348,3043,43.75,80000.00000000017
1349,3044,33.33333333333333,-9999.999999999862
1350,3044,33.33333333333333,-9999.999999999862
1351,3045,0.0,0.0
1352,3045,0.0,0.0
1353,3046,22.58064516129032,
1354,3046,22.58064516129032,
1355,3047,25.0,-119999.99999999997
1356,3047,25.0,-119999.99999999997
1357,3048,0.0,-90000.00000000009
1358,3048,0.0,-90000.00000000009
1359,3049,16.666666666666664,-100000.0
1360,3049,16.666666666666664,-100000.0
1361,3050,30.76923076923077,-69999.99999999985
1362,3050,30.76923076923077,-69999.99999999985
1363,3051,48.0,
1364,3051,48.0,
1365,3052,55.55555555555556,130000.0000000002
1366,3053,100.0,100000.00000000009
1367,3053,100.0,100000.00000000009
1368,3054,25.0,-240000.00000000023
1369,3054,25.0,-240000.00000000023
1370,3054,25.0,-240000.00000000023
1371,3055,33.33333333333333,-30000.00000000021
1372,3055,33.33333333333333,-30000.00000000021
1373,3056,41.66666666666667,40000.00000000007
1374,3057,33.33333333333333,
1375,3057,33.33333333333333,
1376,3058,0.0,-240000.00000000032
1377,3058,0.0,-240000.00000000032
1378,3059,42.857142857142854,29999.99999999993
1379,3059,42.857142857142854,29999.99999999993
1380,3060,30.0,
1381,3060,30.0,
1382,3061,33.33333333333333,-10000.000000000153
1383,3061,33.33333333333333,-10000.000000000153
1384,3062,50.0,40000.00000000024
1385,3062,50.0,40000.00000000024
1386,3063,66.66666666666666,70000.00000000004
1387,3063,66.66666666666666,70000.00000000004
1388,3064,33.33333333333333,
1389,3066,35.714285714285715,
1390,3067,28.57142857142857,
1391,3071,50.0,100000.00000000023
1392,3073,31.25,
1393,3073,31.25,
1394,3078,66.66666666666666,70000.00000000006
1395,3080,0.0,-30000.000000000102
1396,3080,0.0,-30000.000000000102
1397,3081,40.0,9999.999999999985
1398,3083,50.0,80000.00000000016
1399,3085,43.333333333333336,
1400,3085,43.333333333333336,
1401,3086,44.44444444444444,100000.00000000019
1402,3088,50.0,20000.000000000084
1403,3089,43.24324324324324,
1404,3090,100.0,50000.000000000015
1405,3090,100.0,50000.000000000015
1406,3092,44.44444444444444,49999.99999999979
1407,3092,44.44444444444444,49999.99999999979
1408,3092,44.44444444444444,49999.99999999979
1409,3093,62.5,160000.00000000012
1410,3094,42.857142857142854,30000.0
1411,3094,42.857142857142854,30000.0
1412,3095,15.0,
1413,3105,0.0,0.0
1414,3114,35.714285714285715,-20000.000000000062
1415,3115,19.444444444444446,
1416,3118,28.57142857142857,
1417,3122,33.33333333333333,-30000.000000000087
1418,3128,44.44444444444444,99999.99999999997
1419,3130,100.0,50000.00000000002
1420,3130,100.0,50000.00000000002
1421,3130,100.0,50000.00000000002
1422,3131,25.0,-40000.00000000006
1423,3138,0.0,-60000.000000000095
1424,3138,0.0,-60000.000000000095
1425,3141,50.0,40000.00000000004
1426,3142,33.33333333333333,-10000.000000000095
1427,3144,58.333333333333336,200000.00000000012
1428,3147,50.0,80000.00000000016
1429,3149,55.55555555555556,
1430,3149,55.55555555555556,
1431,3152,33.33333333333333,-20000.000000000065
1432,3162,54.54545454545454,300000.0000000006
1433,3163,50.0,20000.00000000009
1434,3164,40.0,10000.000000000007
1435,3164,40.0,10000.000000000007
1436,3167,50.0,
1437,3168,0.0,0.0
1438,3168,0.0,0.0
1439,3169,60.0,180000.00000000038
1440,3171,41.17647058823529,50000.00000000008
1441,3171,41.17647058823529,50000.00000000008
1442,3176,23.076923076923077,
1443,3178,0.0,
1444,3178,0.0,
1445,3188,33.33333333333333,
1446,3189,40.0,10000.000000000047
1447,3189,40.0,10000.000000000047
1448,3191,50.0,199999.99999999997
1449,3202,36.84210526315789,
